X,Y,Universe,Channel,Name
18,47,7,369,"RGB_light #0001"
18,45,7,366,"RGB_light #0002"
18,43,7,363,"RGB_light #0003"
19,44,7,360,"RGB_light #0004"
19,45,7,357,"RGB_light #0005"
19,46,7,354,"RGB_light #0006"
20,47,7,351,"RGB_light #0007"
20,46,7,348,"RGB_light #0008"
20,45,7,345,"RGB_light #0009"
21,44,7,342,"RGB_light #0010"
21,45,7,339,"RGB_light #0011"
21,46,7,336,"RGB_light #0012"
22,45,7,333,"RGB_light #0013"
22,43,7,330,"RGB_light #0014"
23,44,7,327,"RGB_light #0015"
23,45,7,324,"RGB_light #0016"
23,46,7,321,"RGB_light #0017"
24,47,7,318,"RGB_light #0018"
24,45,7,315,"RGB_light #0019"
24,44,7,312,"RGB_light #0020"
25,44,7,309,"RGB_light #0021"
25,45,7,306,"RGB_light #0022"
25,46,7,303,"RGB_light #0023"
26,45,7,300,"RGB_light #0024"
26,43,7,297,"RGB_light #0025"
27,44,7,294,"RGB_light #0026"
27,45,7,291,"RGB_light #0027"
27,46,7,288,"RGB_light #0028"
28,47,7,285,"RGB_light #0029"
28,46,7,282,"RGB_light #0030"
28,45,7,279,"RGB_light #0031"
29,44,7,276,"RGB_light #0032"
29,45,7,273,"RGB_light #0033"
29,46,7,270,"RGB_light #0034"
30,45,7,267,"RGB_light #0035"
30,44,7,264,"RGB_light #0036"
30,43,7,261,"RGB_light #0037"
31,44,7,258,"RGB_light #0038"
31,45,7,255,"RGB_light #0039"
31,46,7,252,"RGB_light #0040"
32,47,7,249,"RGB_light #0041"
32,45,7,246,"RGB_light #0042"
33,44,7,240,"RGB_light #0043"
33,45,7,237,"RGB_light #0044"
33,46,7,234,"RGB_light #0045"
34,43,7,243,"RGB_light #0046"
36,48,7,231,"RGB_light #0047"
36,47,7,228,"RGB_light #0048"
36,46,7,225,"RGB_light #0049"
36,45,7,222,"RGB_light #0050"
37,44,7,219,"RGB_light #0051"
37,45,7,216,"RGB_light #0052"
37,46,7,213,"RGB_light #0053"
37,47,7,210,"RGB_light #0054"
37,48,7,207,"RGB_light #0055"
38,49,7,204,"RGB_light #0056"
38,48,7,201,"RGB_light #0057"
38,47,7,198,"RGB_light #0058"
38,46,7,195,"RGB_light #0059"
38,45,7,192,"RGB_light #0060"
38,44,7,189,"RGB_light #0061"
39,48,7,171,"RGB_light #0062"
39,47,7,174,"RGB_light #0063"
39,46,7,177,"RGB_light #0064"
39,45,7,180,"RGB_light #0065"
39,44,7,183,"RGB_light #0066"
39,43,7,186,"RGB_light #0067"
40,48,7,168,"RGB_light #0068"
40,47,7,171,"RGB_light #0069"
40,46,7,174,"RGB_light #0070"
40,45,7,177,"RGB_light #0071"
40,44,7,180,"RGB_light #0072"
41,48,7,138,"RGB_light #0073"
41,47,7,141,"RGB_light #0074"
41,46,7,144,"RGB_light #0075"
41,45,7,147,"RGB_light #0076"
41,44,7,150,"RGB_light #0077"
41,43,7,153,"RGB_light #0078"
42,44,7,123,"RGB_light #0079"
42,45,7,126,"RGB_light #0080"
42,46,7,129,"RGB_light #0081"
42,47,7,132,"RGB_light #0082"
42,48,7,135,"RGB_light #0083"
43,43,7,105,"RGB_light #0084"
43,44,7,108,"RGB_light #0085"
43,45,7,111,"RGB_light #0086"
43,46,7,114,"RGB_light #0087"
43,47,7,117,"RGB_light #0088"
43,48,7,120,"RGB_light #0089"
44,48,7,90,"RGB_light #0090"
44,47,7,93,"RGB_light #0091"
44,46,7,96,"RGB_light #0092"
44,45,7,99,"RGB_light #0093"
44,44,7,102,"RGB_light #0094"
45,43,7,72,"RGB_light #0095"
45,44,7,75,"RGB_light #0096"
45,45,7,78,"RGB_light #0097"
45,46,7,81,"RGB_light #0098"
45,47,7,84,"RGB_light #0099"
45,48,7,87,"RGB_light #0100"
46,49,7,54,"RGB_light #0101"
46,48,7,57,"RGB_light #0102"
46,47,7,60,"RGB_light #0103"
46,46,7,63,"RGB_light #0104"
46,45,7,66,"RGB_light #0105"
46,44,7,69,"RGB_light #0106"
47,43,7,36,"RGB_light #0107"
47,44,7,39,"RGB_light #0108"
47,45,7,42,"RGB_light #0109"
47,46,7,45,"RGB_light #0110"
47,47,7,48,"RGB_light #0111"
47,48,7,51,"RGB_light #0112"
48,49,7,18,"RGB_light #0113"
48,48,7,21,"RGB_light #0114"
48,47,7,24,"RGB_light #0115"
48,46,7,27,"RGB_light #0116"
48,45,7,30,"RGB_light #0117"
48,44,7,33,"RGB_light #0118"
49,43,7,0,"RGB_light #0119"
49,44,7,3,"RGB_light #0120"
49,45,7,6,"RGB_light #0121"
49,46,7,9,"RGB_light #0122"
49,47,7,12,"RGB_light #0123"
49,48,7,15,"RGB_light #0124"
126,43,5,372,"RGB_light #0125"
126,46,5,375,"RGB_light #0126"
126,47,5,378,"RGB_light #0127"
126,48,5,381,"RGB_light #0128"
126,49,5,384,"RGB_light #0129"
126,50,5,387,"RGB_light #0130"
125,50,5,354,"RGB_light #0131"
125,49,5,357,"RGB_light #0132"
125,48,5,360,"RGB_light #0133"
125,47,5,363,"RGB_light #0134"
125,46,5,366,"RGB_light #0135"
125,45,5,369,"RGB_light #0136"
124,43,5,336,"RGB_light #0137"
124,45,5,339,"RGB_light #0138"
124,46,5,342,"RGB_light #0139"
124,47,5,345,"RGB_light #0140"
124,48,5,348,"RGB_light #0141"
124,49,5,351,"RGB_light #0142"
123,49,5,321,"RGB_light #0143"
123,48,5,324,"RGB_light #0144"
123,47,5,327,"RGB_light #0145"
123,46,5,330,"RGB_light #0146"
123,44,5,333,"RGB_light #0147"
122,43,5,309,"RGB_light #0148"
122,46,5,312,"RGB_light #0149"
122,47,5,315,"RGB_light #0150"
122,48,5,318,"RGB_light #0151"
121,48,5,297,"RGB_light #0152"
121,47,5,300,"RGB_light #0153"
121,46,5,303,"RGB_light #0154"
121,45,5,306,"RGB_light #0155"
120,44,5,288,"RGB_light #0156"
120,46,5,291,"RGB_light #0157"
120,48,5,294,"RGB_light #0158"
119,45,5,276,"RGB_light #0159"
119,46,5,279,"RGB_light #0160"
119,47,5,282,"RGB_light #0161"
119,48,5,285,"RGB_light #0162"
118,43,5,267,"RGB_light #0163"
118,46,5,270,"RGB_light #0164"
118,48,5,273,"RGB_light #0165"
117,48,5,255,"RGB_light #0166"
117,47,5,258,"RGB_light #0167"
117,46,5,261,"RGB_light #0168"
117,45,5,264,"RGB_light #0169"
116,46,5,249,"RGB_light #0170"
116,48,5,252,"RGB_light #0171"
116,44,5,237,"RGB_light #0172"
115,45,5,240,"RGB_light #0173"
115,46,5,243,"RGB_light #0174"
115,47,5,246,"RGB_light #0175"
114,48,5,228,"RGB_light #0176"
114,46,5,231,"RGB_light #0177"
114,43,5,234,"RGB_light #0178"
113,45,5,219,"RGB_light #0179"
113,46,5,222,"RGB_light #0180"
113,47,5,225,"RGB_light #0181"
112,46,5,213,"RGB_light #0182"
112,44,5,216,"RGB_light #0183"
111,45,5,204,"RGB_light #0184"
111,46,5,207,"RGB_light #0185"
111,47,5,210,"RGB_light #0186"
110,48,5,195,"RGB_light #0187"
110,46,5,198,"RGB_light #0188"
110,43,5,201,"RGB_light #0189"
109,45,5,186,"RGB_light #0190"
109,46,5,189,"RGB_light #0191"
109,47,5,192,"RGB_light #0192"
108,46,5,180,"RGB_light #0193"
108,44,5,183,"RGB_light #0194"
107,45,5,171,"RGB_light #0195"
107,46,5,174,"RGB_light #0196"
107,47,5,177,"RGB_light #0197"
106,48,5,159,"RGB_light #0198"
106,46,5,162,"RGB_light #0199"
106,44,5,165,"RGB_light #0200"
106,43,5,168,"RGB_light #0201"
105,45,5,150,"RGB_light #0202"
105,46,5,153,"RGB_light #0203"
105,47,5,156,"RGB_light #0204"
104,48,5,141,"RGB_light #0205"
104,46,5,144,"RGB_light #0206"
104,44,5,147,"RGB_light #0207"
103,45,5,132,"RGB_light #0208"
103,46,5,135,"RGB_light #0209"
103,47,5,138,"RGB_light #0210"
102,48,5,120,"RGB_light #0211"
102,46,5,123,"RGB_light #0212"
102,44,5,126,"RGB_light #0213"
102,43,5,129,"RGB_light #0214"
101,45,5,111,"RGB_light #0215"
101,46,5,114,"RGB_light #0216"
101,47,5,117,"RGB_light #0217"
100,48,5,102,"RGB_light #0218"
100,46,5,105,"RGB_light #0219"
100,44,5,108,"RGB_light #0220"
99,45,5,93,"RGB_light #0221"
99,46,5,96,"RGB_light #0222"
99,47,5,99,"RGB_light #0223"
97,48,5,81,"RGB_light #0224"
97,46,5,84,"RGB_light #0225"
97,44,5,87,"RGB_light #0226"
97,42,5,90,"RGB_light #0227"
96,43,5,66,"RGB_light #0228"
96,45,5,69,"RGB_light #0229"
96,46,5,72,"RGB_light #0230"
96,47,5,75,"RGB_light #0231"
96,49,5,78,"RGB_light #0232"
95,48,5,54,"RGB_light #0233"
95,46,5,57,"RGB_light #0234"
95,44,5,60,"RGB_light #0235"
95,41,5,63,"RGB_light #0236"
94,43,5,39,"RGB_light #0237"
94,45,5,42,"RGB_light #0238"
94,46,5,45,"RGB_light #0239"
94,47,5,48,"RGB_light #0240"
94,49,5,51,"RGB_light #0241"
93,48,5,27,"RGB_light #0242"
93,46,5,30,"RGB_light #0243"
93,44,5,33,"RGB_light #0244"
93,42,5,36,"RGB_light #0245"
92,43,5,12,"RGB_light #0246"
92,45,5,15,"RGB_light #0247"
92,46,5,18,"RGB_light #0248"
92,47,5,21,"RGB_light #0249"
92,49,5,24,"RGB_light #0250"
91,48,5,0,"RGB_light #0251"
91,46,5,3,"RGB_light #0252"
91,43,5,6,"RGB_light #0253"
91,42,5,9,"RGB_light #0254"
90,43,4,96,"RGB_light #0255"
90,45,4,99,"RGB_light #0256"
90,46,4,102,"RGB_light #0257"
90,47,4,105,"RGB_light #0258"
90,49,4,108,"RGB_light #0259"
89,50,4,81,"RGB_light #0260"
89,48,4,84,"RGB_light #0261"
89,46,4,87,"RGB_light #0262"
89,44,4,90,"RGB_light #0263"
89,42,4,93,"RGB_light #0264"
88,43,4,66,"RGB_light #0265"
88,45,4,69,"RGB_light #0266"
88,46,4,72,"RGB_light #0267"
88,47,4,75,"RGB_light #0268"
88,49,4,78,"RGB_light #0269"
87,42,4,0,"RGB_light #0270"
87,46,4,3,"RGB_light #0271"
87,47,4,6,"RGB_light #0272"
87,48,4,9,"RGB_light #0273"
87,50,4,12,"RGB_light #0274"
86,49,4,15,"RGB_light #0275"
86,47,4,18,"RGB_light #0276"
86,46,4,21,"RGB_light #0277"
86,45,4,24,"RGB_light #0278"
86,43,4,27,"RGB_light #0279"
85,42,4,30,"RGB_light #0280"
85,44,4,33,"RGB_light #0281"
85,46,4,36,"RGB_light #0282"
85,47,4,39,"RGB_light #0283"
85,48,4,42,"RGB_light #0284"
85,50,4,45,"RGB_light #0285"
84,51,4,48,"RGB_light #0286"
84,49,4,51,"RGB_light #0287"
84,47,4,54,"RGB_light #0288"
84,46,4,57,"RGB_light #0289"
84,45,4,60,"RGB_light #0290"
84,43,4,63,"RGB_light #0291"
83,42,3,120,"RGB_light #0292"
83,44,3,123,"RGB_light #0293"
83,46,3,126,"RGB_light #0294"
83,47,3,129,"RGB_light #0295"
83,48,3,132,"RGB_light #0296"
83,50,3,135,"RGB_light #0297"
82,51,3,138,"RGB_light #0298"
82,49,3,141,"RGB_light #0299"
82,47,3,144,"RGB_light #0300"
82,46,3,147,"RGB_light #0301"
82,45,3,150,"RGB_light #0302"
82,43,3,153,"RGB_light #0303"
81,44,3,156,"RGB_light #0304"
81,46,3,159,"RGB_light #0305"
81,47,3,162,"RGB_light #0306"
81,48,3,165,"RGB_light #0307"
81,50,3,168,"RGB_light #0308"
80,51,3,171,"RGB_light #0309"
79,50,3,174,"RGB_light #0310"
80,49,3,177,"RGB_light #0311"
80,46,3,180,"RGB_light #0312"
80,47,3,183,"RGB_light #0313"
64,0,6,294,"RGB_light #0314"
63,0,6,297,"RGB_light #0315"
67,1,6,282,"RGB_light #0316"
66,1,6,285,"RGB_light #0317"
65,1,6,288,"RGB_light #0318"
64,1,6,291,"RGB_light #0319"
64,2,6,270,"RGB_light #0320"
65,2,6,273,"RGB_light #0321"
66,2,6,276,"RGB_light #0322"
67,2,6,279,"RGB_light #0323"
66,3,6,261,"RGB_light #0324"
65,3,6,264,"RGB_light #0325"
64,3,6,267,"RGB_light #0326"
64,4,6,252,"RGB_light #0327"
65,4,6,255,"RGB_light #0328"
66,4,6,258,"RGB_light #0329"
66,5,6,243,"RGB_light #0330"
65,5,6,246,"RGB_light #0331"
64,5,6,249,"RGB_light #0332"
64,6,6,234,"RGB_light #0333"
65,6,6,237,"RGB_light #0334"
66,6,6,240,"RGB_light #0335"
66,7,6,225,"RGB_light #0336"
65,7,6,228,"RGB_light #0337"
64,7,6,231,"RGB_light #0338"
64,8,6,216,"RGB_light #0339"
65,8,6,219,"RGB_light #0340"
66,8,6,222,"RGB_light #0341"
66,9,6,207,"RGB_light #0342"
65,9,6,210,"RGB_light #0343"
64,9,6,213,"RGB_light #0344"
64,10,6,198,"RGB_light #0345"
65,10,6,201,"RGB_light #0346"
66,10,6,204,"RGB_light #0347"
66,11,6,189,"RGB_light #0348"
65,11,6,192,"RGB_light #0349"
64,11,6,195,"RGB_light #0350"
64,12,6,180,"RGB_light #0351"
65,12,6,183,"RGB_light #0352"
66,12,6,186,"RGB_light #0353"
66,13,6,171,"RGB_light #0354"
65,13,6,174,"RGB_light #0355"
64,13,6,177,"RGB_light #0356"
64,14,6,162,"RGB_light #0357"
65,14,6,165,"RGB_light #0358"
66,14,6,168,"RGB_light #0359"
66,15,6,153,"RGB_light #0360"
65,15,6,156,"RGB_light #0361"
64,15,6,159,"RGB_light #0362"
66,17,6,135,"RGB_light #0363"
65,17,6,138,"RGB_light #0364"
62,18,6,141,"RGB_light #0365"
63,17,6,144,"RGB_light #0366"
65,16,6,147,"RGB_light #0367"
66,16,6,150,"RGB_light #0368"
67,19,6,123,"RGB_light #0369"
66,19,6,126,"RGB_light #0370"
65,19,6,129,"RGB_light #0371"
64,19,6,132,"RGB_light #0372"
63,20,6,111,"RGB_light #0373"
65,20,6,114,"RGB_light #0374"
66,20,6,117,"RGB_light #0375"
67,20,6,120,"RGB_light #0376"
68,21,6,99,"RGB_light #0377"
67,21,6,102,"RGB_light #0378"
66,21,6,105,"RGB_light #0379"
64,21,6,108,"RGB_light #0380"
65,22,6,93,"RGB_light #0381"
66,22,6,96,"RGB_light #0382"
67,23,6,84,"RGB_light #0383"
66,23,6,87,"RGB_light #0384"
65,23,6,90,"RGB_light #0385"
66,24,6,78,"RGB_light #0386"
67,24,6,81,"RGB_light #0387"
68,25,6,69,"RGB_light #0388"
67,25,6,72,"RGB_light #0389"
66,25,6,75,"RGB_light #0390"
66,26,6,63,"RGB_light #0391"
67,26,6,66,"RGB_light #0392"
67,27,6,54,"RGB_light #0393"
66,27,6,57,"RGB_light #0394"
65,27,6,60,"RGB_light #0395"
66,28,6,51,"RGB_light #0396"
68,29,6,39,"RGB_light #0397"
67,29,6,42,"RGB_light #0398"
66,29,6,45,"RGB_light #0399"
65,29,6,48,"RGB_light #0400"
66,30,6,33,"RGB_light #0401"
67,30,6,36,"RGB_light #0402"
67,31,6,24,"RGB_light #0403"
66,31,6,27,"RGB_light #0404"
65,31,6,30,"RGB_light #0405"
66,32,6,15,"RGB_light #0406"
67,32,6,18,"RGB_light #0407"
68,32,6,21,"RGB_light #0408"
68,33,6,6,"RGB_light #0409"
67,33,6,9,"RGB_light #0410"
66,33,6,12,"RGB_light #0411"
66,34,6,0,"RGB_light #0412"
67,34,6,3,"RGB_light #0413"
13,46,8,0,"RGB_light #0414"
13,45,8,3,"RGB_light #0415"
13,44,8,6,"RGB_light #0416"
12,43,8,9,"RGB_light #0417"
12,44,8,12,"RGB_light #0418"
12,45,8,15,"RGB_light #0419"
12,46,8,18,"RGB_light #0420"
12,47,8,21,"RGB_light #0421"
11,48,8,24,"RGB_light #0422"
11,47,8,27,"RGB_light #0423"
11,46,8,30,"RGB_light #0424"
11,45,8,33,"RGB_light #0425"
11,44,8,36,"RGB_light #0426"
11,43,8,39,"RGB_light #0427"
11,42,8,42,"RGB_light #0428"
10,42,8,45,"RGB_light #0429"
10,43,8,48,"RGB_light #0430"
10,44,8,51,"RGB_light #0431"
10,45,8,54,"RGB_light #0432"
10,46,8,57,"RGB_light #0433"
10,47,8,60,"RGB_light #0434"
10,48,8,63,"RGB_light #0435"
9,48,8,66,"RGB_light #0436"
9,47,8,69,"RGB_light #0437"
8,48,8,72,"RGB_light #0438"
8,47,8,75,"RGB_light #0439"
8,46,8,78,"RGB_light #0440"
9,46,8,81,"RGB_light #0441"
9,45,8,84,"RGB_light #0442"
9,44,8,87,"RGB_light #0443"
9,43,8,90,"RGB_light #0444"
9,42,8,93,"RGB_light #0445"
8,42,8,96,"RGB_light #0446"
8,43,8,99,"RGB_light #0447"
8,44,8,102,"RGB_light #0448"
8,45,8,105,"RGB_light #0449"
7,45,8,108,"RGB_light #0450"
7,44,8,111,"RGB_light #0451"
7,43,8,114,"RGB_light #0452"
7,42,8,117,"RGB_light #0453"
6,42,8,120,"RGB_light #0454"
6,43,8,123,"RGB_light #0455"
6,44,8,126,"RGB_light #0456"
6,45,8,129,"RGB_light #0457"
6,46,8,132,"RGB_light #0458"
7,46,8,135,"RGB_light #0459"
7,47,8,138,"RGB_light #0460"
7,48,8,141,"RGB_light #0461"
5,48,8,144,"RGB_light #0462"
6,48,8,147,"RGB_light #0463"
6,47,8,150,"RGB_light #0464"
5,47,8,153,"RGB_light #0465"
5,46,8,156,"RGB_light #0466"
5,45,8,159,"RGB_light #0467"
5,44,8,162,"RGB_light #0468"
5,43,8,165,"RGB_light #0469"
5,42,8,168,"RGB_light #0470"
4,42,8,171,"RGB_light #0471"
4,43,8,174,"RGB_light #0472"
4,44,8,177,"RGB_light #0473"
4,45,8,180,"RGB_light #0474"
4,46,8,183,"RGB_light #0475"
4,47,8,186,"RGB_light #0476"
4,48,8,189,"RGB_light #0477"
3,48,8,192,"RGB_light #0478"
3,47,8,195,"RGB_light #0479"
3,46,8,198,"RGB_light #0480"
3,45,8,201,"RGB_light #0481"
3,44,8,204,"RGB_light #0482"
3,43,8,207,"RGB_light #0483"
3,42,8,210,"RGB_light #0484"
2,43,8,213,"RGB_light #0485"
2,47,8,216,"RGB_light #0486"
2,46,8,219,"RGB_light #0487"
2,45,8,222,"RGB_light #0488"
2,44,8,225,"RGB_light #0489"
1,44,8,228,"RGB_light #0490"
1,45,8,231,"RGB_light #0491"
1,46,8,234,"RGB_light #0492"
62,62,3,0,"RGB_light #0493"
63,62,3,3,"RGB_light #0494"
64,62,3,6,"RGB_light #0495"
65,62,3,9,"RGB_light #0496"
66,62,3,12,"RGB_light #0497"
67,62,3,15,"RGB_light #0498"
68,62,3,18,"RGB_light #0499"
69,62,3,21,"RGB_light #0500"
70,62,3,24,"RGB_light #0501"
71,62,3,27,"RGB_light #0502"
72,62,3,30,"RGB_light #0503"
63,63,3,33,"RGB_light #0504"
64,63,3,36,"RGB_light #0505"
65,63,3,39,"RGB_light #0506"
66,63,3,42,"RGB_light #0507"
67,63,3,45,"RGB_light #0508"
68,63,3,48,"RGB_light #0509"
69,63,3,51,"RGB_light #0510"
70,63,3,54,"RGB_light #0511"
71,63,3,57,"RGB_light #0512"
72,63,3,60,"RGB_light #0513"
65,64,3,63,"RGB_light #0514"
65,64,3,66,"RGB_light #0515"
66,64,3,69,"RGB_light #0516"
67,64,3,72,"RGB_light #0517"
68,64,3,75,"RGB_light #0518"
69,64,3,78,"RGB_light #0519"
70,64,3,81,"RGB_light #0520"
71,64,3,84,"RGB_light #0521"
65,65,3,87,"RGB_light #0522"
66,65,3,90,"RGB_light #0523"
67,65,3,93,"RGB_light #0524"
68,65,3,96,"RGB_light #0525"
69,65,3,99,"RGB_light #0526"
66,66,3,102,"RGB_light #0527"
67,66,3,105,"RGB_light #0528"
68,66,3,108,"RGB_light #0529"
66,67,3,111,"RGB_light #0530"
67,67,3,114,"RGB_light #0531"
67,68,3,117,"RGB_light #0532"
61,61,2,408,"RGB_light #0533"
62,61,2,411,"RGB_light #0534"
63,61,2,414,"RGB_light #0535"
64,61,2,417,"RGB_light #0536"
65,61,2,420,"RGB_light #0537"
66,61,2,423,"RGB_light #0538"
67,61,2,426,"RGB_light #0539"
68,61,2,429,"RGB_light #0540"
69,61,2,432,"RGB_light #0541"
70,61,2,435,"RGB_light #0542"
71,61,2,438,"RGB_light #0543"
72,61,2,441,"RGB_light #0544"
61,60,2,372,"RGB_light #0545"
62,60,2,375,"RGB_light #0546"
63,60,2,378,"RGB_light #0547"
64,60,2,381,"RGB_light #0548"
65,60,2,384,"RGB_light #0549"
66,60,2,387,"RGB_light #0550"
67,60,2,390,"RGB_light #0551"
68,60,2,393,"RGB_light #0552"
69,60,2,396,"RGB_light #0553"
70,60,2,399,"RGB_light #0554"
71,60,2,402,"RGB_light #0555"
72,60,2,405,"RGB_light #0556"
65,54,2,318,"RGB_light #0557"
59,59,2,321,"RGB_light #0558"
60,59,2,324,"RGB_light #0559"
61,59,2,327,"RGB_light #0560"
62,59,2,330,"RGB_light #0561"
63,59,2,333,"RGB_light #0562"
64,59,2,336,"RGB_light #0563"
65,59,2,339,"RGB_light #0564"
66,59,2,342,"RGB_light #0565"
67,59,2,345,"RGB_light #0566"
68,59,2,348,"RGB_light #0567"
69,59,2,351,"RGB_light #0568"
70,59,2,354,"RGB_light #0569"
71,59,2,357,"RGB_light #0570"
72,59,2,360,"RGB_light #0571"
73,59,2,363,"RGB_light #0572"
74,59,2,366,"RGB_light #0573"
75,59,2,369,"RGB_light #0574"
59,58,2,261,"RGB_light #0575"
60,58,2,264,"RGB_light #0576"
61,58,2,267,"RGB_light #0577"
62,58,2,270,"RGB_light #0578"
63,58,2,273,"RGB_light #0579"
64,58,2,276,"RGB_light #0580"
65,58,2,279,"RGB_light #0581"
66,58,2,282,"RGB_light #0582"
67,58,2,285,"RGB_light #0583"
68,58,2,288,"RGB_light #0584"
69,58,2,291,"RGB_light #0585"
70,58,2,294,"RGB_light #0586"
71,58,2,297,"RGB_light #0587"
72,58,2,300,"RGB_light #0588"
73,58,2,303,"RGB_light #0589"
74,58,2,306,"RGB_light #0590"
75,58,2,309,"RGB_light #0591"
76,58,2,312,"RGB_light #0592"
77,58,2,315,"RGB_light #0593"
58,57,2,201,"RGB_light #0594"
59,57,2,204,"RGB_light #0595"
60,57,2,207,"RGB_light #0596"
61,57,2,210,"RGB_light #0597"
62,57,2,213,"RGB_light #0598"
63,57,2,216,"RGB_light #0599"
64,57,2,219,"RGB_light #0600"
65,57,2,222,"RGB_light #0601"
66,57,2,225,"RGB_light #0602"
67,57,2,228,"RGB_light #0603"
68,57,2,231,"RGB_light #0604"
69,57,2,234,"RGB_light #0605"
70,57,2,237,"RGB_light #0606"
71,57,2,240,"RGB_light #0607"
72,57,2,243,"RGB_light #0608"
73,57,2,246,"RGB_light #0609"
74,57,2,249,"RGB_light #0610"
75,57,2,252,"RGB_light #0611"
76,57,2,255,"RGB_light #0612"
77,57,2,258,"RGB_light #0613"
57,56,2,135,"RGB_light #0614"
58,56,2,138,"RGB_light #0615"
59,56,2,141,"RGB_light #0616"
60,56,2,144,"RGB_light #0617"
61,56,2,147,"RGB_light #0618"
62,56,2,150,"RGB_light #0619"
63,56,2,153,"RGB_light #0620"
64,56,2,156,"RGB_light #0621"
65,56,2,159,"RGB_light #0622"
66,56,2,162,"RGB_light #0623"
67,56,2,165,"RGB_light #0624"
68,56,2,168,"RGB_light #0625"
69,56,2,171,"RGB_light #0626"
70,56,2,174,"RGB_light #0627"
71,56,2,177,"RGB_light #0628"
72,56,2,180,"RGB_light #0629"
73,56,2,183,"RGB_light #0630"
74,56,2,186,"RGB_light #0631"
75,56,2,189,"RGB_light #0632"
76,56,2,192,"RGB_light #0633"
77,56,2,195,"RGB_light #0634"
78,56,2,198,"RGB_light #0635"
56,55,2,69,"RGB_light #0636"
57,55,2,72,"RGB_light #0637"
58,55,2,75,"RGB_light #0638"
59,55,2,78,"RGB_light #0639"
60,55,2,81,"RGB_light #0640"
61,55,2,84,"RGB_light #0641"
62,55,2,87,"RGB_light #0642"
63,55,2,90,"RGB_light #0643"
64,55,2,93,"RGB_light #0644"
65,55,2,96,"RGB_light #0645"
66,55,2,99,"RGB_light #0646"
67,55,2,102,"RGB_light #0647"
68,55,2,105,"RGB_light #0648"
69,55,2,108,"RGB_light #0649"
70,55,2,111,"RGB_light #0650"
71,55,2,114,"RGB_light #0651"
72,55,2,117,"RGB_light #0652"
73,55,2,120,"RGB_light #0653"
74,55,2,123,"RGB_light #0654"
75,55,2,126,"RGB_light #0655"
76,55,2,129,"RGB_light #0656"
77,55,2,132,"RGB_light #0657"
78,55,2,135,"RGB_light #0658"
55,54,2,0,"RGB_light #0659"
56,54,2,3,"RGB_light #0660"
57,54,2,6,"RGB_light #0661"
58,54,2,9,"RGB_light #0662"
59,54,2,12,"RGB_light #0663"
60,54,2,15,"RGB_light #0664"
61,54,2,18,"RGB_light #0665"
62,54,2,21,"RGB_light #0666"
63,54,2,24,"RGB_light #0667"
64,54,2,27,"RGB_light #0668"
65,54,2,30,"RGB_light #0669"
66,54,2,33,"RGB_light #0670"
67,54,2,36,"RGB_light #0671"
68,54,2,39,"RGB_light #0672"
69,54,2,42,"RGB_light #0673"
70,54,2,45,"RGB_light #0674"
71,54,2,48,"RGB_light #0675"
72,54,2,51,"RGB_light #0676"
73,54,2,54,"RGB_light #0677"
74,54,2,57,"RGB_light #0678"
75,54,2,60,"RGB_light #0679"
76,54,2,63,"RGB_light #0680"
77,54,2,66,"RGB_light #0681"
56,53,1,297,"RGB_light #0682"
57,53,1,300,"RGB_light #0683"
58,53,1,303,"RGB_light #0684"
59,53,1,306,"RGB_light #0685"
60,53,1,309,"RGB_light #0686"
61,53,1,312,"RGB_light #0687"
62,53,1,315,"RGB_light #0688"
63,53,1,318,"RGB_light #0689"
64,53,1,321,"RGB_light #0690"
65,53,1,324,"RGB_light #0691"
66,53,1,327,"RGB_light #0692"
67,53,1,330,"RGB_light #0693"
68,53,1,333,"RGB_light #0694"
69,53,1,336,"RGB_light #0695"
70,53,1,339,"RGB_light #0696"
71,53,1,342,"RGB_light #0697"
72,53,1,345,"RGB_light #0698"
73,53,1,348,"RGB_light #0699"
74,53,1,351,"RGB_light #0700"
75,53,1,354,"RGB_light #0701"
76,53,1,357,"RGB_light #0702"
77,53,1,360,"RGB_light #0703"
78,53,1,363,"RGB_light #0704"
55,52,1,225,"RGB_light #0705"
56,52,1,228,"RGB_light #0706"
57,52,1,231,"RGB_light #0707"
58,52,1,234,"RGB_light #0708"
59,52,1,237,"RGB_light #0709"
60,52,1,240,"RGB_light #0710"
61,52,1,243,"RGB_light #0711"
62,52,1,246,"RGB_light #0712"
63,52,1,249,"RGB_light #0713"
64,52,1,252,"RGB_light #0714"
65,52,1,255,"RGB_light #0715"
66,52,1,258,"RGB_light #0716"
67,52,1,261,"RGB_light #0717"
68,52,1,264,"RGB_light #0718"
69,52,1,267,"RGB_light #0719"
70,52,1,270,"RGB_light #0720"
71,52,1,273,"RGB_light #0721"
72,52,1,276,"RGB_light #0722"
73,52,1,279,"RGB_light #0723"
74,52,1,282,"RGB_light #0724"
75,52,1,285,"RGB_light #0725"
76,52,1,288,"RGB_light #0726"
77,52,1,291,"RGB_light #0727"
78,52,1,294,"RGB_light #0728"
54,51,1,153,"RGB_light #0729"
55,51,1,156,"RGB_light #0730"
56,51,1,159,"RGB_light #0731"
57,51,1,162,"RGB_light #0732"
58,51,1,165,"RGB_light #0733"
59,51,1,168,"RGB_light #0734"
60,51,1,171,"RGB_light #0735"
61,51,1,174,"RGB_light #0736"
62,51,1,177,"RGB_light #0737"
63,51,1,180,"RGB_light #0738"
64,51,1,183,"RGB_light #0739"
65,51,1,186,"RGB_light #0740"
66,51,1,189,"RGB_light #0741"
67,51,1,192,"RGB_light #0742"
68,51,1,195,"RGB_light #0743"
69,51,1,198,"RGB_light #0744"
70,51,1,201,"RGB_light #0745"
71,51,1,204,"RGB_light #0746"
72,51,1,207,"RGB_light #0747"
73,51,1,210,"RGB_light #0748"
74,51,1,213,"RGB_light #0749"
75,51,1,216,"RGB_light #0750"
76,51,1,219,"RGB_light #0751"
77,51,1,222,"RGB_light #0752"
53,50,1,78,"RGB_light #0753"
54,50,1,81,"RGB_light #0754"
55,50,1,84,"RGB_light #0755"
56,50,1,87,"RGB_light #0756"
57,50,1,90,"RGB_light #0757"
58,50,1,93,"RGB_light #0758"
59,50,1,96,"RGB_light #0759"
60,50,1,99,"RGB_light #0760"
61,50,1,102,"RGB_light #0761"
62,50,1,105,"RGB_light #0762"
63,50,1,108,"RGB_light #0763"
64,50,1,111,"RGB_light #0764"
65,50,1,114,"RGB_light #0765"
66,50,1,117,"RGB_light #0766"
67,50,1,120,"RGB_light #0767"
68,50,1,123,"RGB_light #0768"
69,50,1,126,"RGB_light #0769"
70,50,1,129,"RGB_light #0770"
71,50,1,132,"RGB_light #0771"
72,50,1,135,"RGB_light #0772"
73,50,1,138,"RGB_light #0773"
74,50,1,141,"RGB_light #0774"
75,50,1,144,"RGB_light #0775"
76,50,1,147,"RGB_light #0776"
77,50,1,150,"RGB_light #0777"
52,49,1,0,"RGB_light #0778"
53,49,1,3,"RGB_light #0779"
54,49,1,6,"RGB_light #0780"
55,49,1,9,"RGB_light #0781"
56,49,1,12,"RGB_light #0782"
57,49,1,15,"RGB_light #0783"
58,49,1,18,"RGB_light #0784"
59,49,1,21,"RGB_light #0785"
60,49,1,24,"RGB_light #0786"
61,49,1,27,"RGB_light #0787"
62,49,1,30,"RGB_light #0788"
63,49,1,33,"RGB_light #0789"
64,49,1,36,"RGB_light #0790"
65,49,1,39,"RGB_light #0791"
66,49,1,42,"RGB_light #0792"
67,49,1,45,"RGB_light #0793"
68,49,1,48,"RGB_light #0794"
69,49,1,51,"RGB_light #0795"
70,49,1,54,"RGB_light #0796"
71,49,1,57,"RGB_light #0797"
72,49,1,60,"RGB_light #0798"
73,49,1,63,"RGB_light #0799"
74,49,1,66,"RGB_light #0800"
75,49,1,69,"RGB_light #0801"
76,49,1,72,"RGB_light #0802"
77,49,1,75,"RGB_light #0803"
76,48,3,186,"RGB_light #0804"
75,48,3,189,"RGB_light #0805"
74,48,3,192,"RGB_light #0806"
73,48,3,195,"RGB_light #0807"
72,48,3,198,"RGB_light #0808"
71,48,3,201,"RGB_light #0809"
70,48,3,204,"RGB_light #0810"
69,48,3,207,"RGB_light #0811"
68,48,3,210,"RGB_light #0812"
67,48,3,213,"RGB_light #0813"
66,48,3,216,"RGB_light #0814"
65,48,3,219,"RGB_light #0815"
64,48,3,222,"RGB_light #0816"
63,48,3,225,"RGB_light #0817"
62,48,3,228,"RGB_light #0818"
61,48,3,231,"RGB_light #0819"
60,48,3,234,"RGB_light #0820"
59,48,3,237,"RGB_light #0821"
58,48,3,240,"RGB_light #0822"
57,48,3,243,"RGB_light #0823"
56,48,3,246,"RGB_light #0824"
55,48,3,249,"RGB_light #0825"
54,48,3,252,"RGB_light #0826"
76,47,3,255,"RGB_light #0827"
75,47,3,258,"RGB_light #0828"
74,47,3,261,"RGB_light #0829"
73,47,3,264,"RGB_light #0830"
72,47,3,267,"RGB_light #0831"
71,47,3,270,"RGB_light #0832"
70,47,3,273,"RGB_light #0833"
69,47,3,276,"RGB_light #0834"
68,47,3,279,"RGB_light #0835"
67,47,3,282,"RGB_light #0836"
66,47,3,285,"RGB_light #0837"
65,47,3,288,"RGB_light #0838"
64,47,3,291,"RGB_light #0839"
63,47,3,294,"RGB_light #0840"
62,47,3,297,"RGB_light #0841"
61,47,3,300,"RGB_light #0842"
60,47,3,303,"RGB_light #0843"
59,47,3,306,"RGB_light #0844"
58,47,3,309,"RGB_light #0845"
57,47,3,312,"RGB_light #0846"
56,47,3,315,"RGB_light #0847"
55,47,3,318,"RGB_light #0848"
54,47,3,321,"RGB_light #0849"
53,47,3,324,"RGB_light #0850"
75,46,3,327,"RGB_light #0851"
74,46,3,330,"RGB_light #0852"
73,46,3,333,"RGB_light #0853"
72,46,3,336,"RGB_light #0854"
71,46,3,339,"RGB_light #0855"
70,46,3,342,"RGB_light #0856"
69,46,3,345,"RGB_light #0857"
68,46,3,348,"RGB_light #0858"
67,46,3,351,"RGB_light #0859"
66,46,3,354,"RGB_light #0860"
65,46,3,357,"RGB_light #0861"
64,46,3,360,"RGB_light #0862"
63,46,3,363,"RGB_light #0863"
62,46,3,366,"RGB_light #0864"
61,46,3,369,"RGB_light #0865"
60,46,3,372,"RGB_light #0866"
59,46,3,375,"RGB_light #0867"
58,46,3,378,"RGB_light #0868"
57,46,3,381,"RGB_light #0869"
56,46,3,384,"RGB_light #0870"
55,46,3,387,"RGB_light #0871"
74,45,4,111,"RGB_light #0872"
73,45,4,114,"RGB_light #0873"
72,45,4,117,"RGB_light #0874"
71,45,4,120,"RGB_light #0875"
70,45,4,123,"RGB_light #0876"
69,45,4,126,"RGB_light #0877"
68,45,4,129,"RGB_light #0878"
67,45,4,132,"RGB_light #0879"
66,45,4,135,"RGB_light #0880"
65,45,4,138,"RGB_light #0881"
64,45,4,141,"RGB_light #0882"
63,45,4,144,"RGB_light #0883"
62,45,4,147,"RGB_light #0884"
61,45,4,150,"RGB_light #0885"
60,45,4,153,"RGB_light #0886"
59,45,4,156,"RGB_light #0887"
58,45,4,159,"RGB_light #0888"
57,45,4,162,"RGB_light #0889"
56,45,4,165,"RGB_light #0890"
55,45,4,168,"RGB_light #0891"
54,45,4,171,"RGB_light #0892"
75,44,4,174,"RGB_light #0893"
74,44,4,177,"RGB_light #0894"
73,44,4,180,"RGB_light #0895"
72,44,4,183,"RGB_light #0896"
71,44,4,186,"RGB_light #0897"
70,44,4,189,"RGB_light #0898"
69,44,4,192,"RGB_light #0899"
68,44,4,195,"RGB_light #0900"
67,44,4,198,"RGB_light #0901"
66,44,4,201,"RGB_light #0902"
65,44,4,204,"RGB_light #0903"
64,44,4,207,"RGB_light #0904"
63,44,4,210,"RGB_light #0905"
62,44,4,213,"RGB_light #0906"
61,44,4,216,"RGB_light #0907"
60,44,4,219,"RGB_light #0908"
59,44,4,222,"RGB_light #0909"
58,44,4,225,"RGB_light #0910"
57,44,4,228,"RGB_light #0911"
56,44,4,231,"RGB_light #0912"
55,44,4,234,"RGB_light #0913"
73,43,4,237,"RGB_light #0914"
72,43,4,240,"RGB_light #0915"
71,43,4,243,"RGB_light #0916"
70,43,4,246,"RGB_light #0917"
69,43,4,249,"RGB_light #0918"
68,43,4,252,"RGB_light #0919"
67,43,4,255,"RGB_light #0920"
66,43,4,258,"RGB_light #0921"
65,43,4,261,"RGB_light #0922"
64,43,4,264,"RGB_light #0923"
63,43,4,267,"RGB_light #0924"
62,43,4,270,"RGB_light #0925"
61,43,4,273,"RGB_light #0926"
60,43,4,276,"RGB_light #0927"
59,43,4,279,"RGB_light #0928"
58,43,4,282,"RGB_light #0929"
57,43,4,285,"RGB_light #0930"
72,42,4,288,"RGB_light #0931"
71,42,4,291,"RGB_light #0932"
70,42,4,294,"RGB_light #0933"
69,42,4,297,"RGB_light #0934"
68,42,4,300,"RGB_light #0935"
67,42,4,303,"RGB_light #0936"
66,42,4,306,"RGB_light #0937"
65,42,4,309,"RGB_light #0938"
64,42,4,312,"RGB_light #0939"
63,42,4,315,"RGB_light #0940"
62,42,4,318,"RGB_light #0941"
61,42,4,321,"RGB_light #0942"
60,42,4,324,"RGB_light #0943"
59,42,4,327,"RGB_light #0944"
70,41,4,330,"RGB_light #0945"
69,41,4,333,"RGB_light #0946"
68,41,4,336,"RGB_light #0947"
67,41,4,339,"RGB_light #0948"
66,41,4,342,"RGB_light #0949"
65,41,4,345,"RGB_light #0950"
64,41,4,348,"RGB_light #0951"
63,41,4,351,"RGB_light #0952"
62,41,4,354,"RGB_light #0953"
61,41,4,357,"RGB_light #0954"
60,41,4,360,"RGB_light #0955"
59,41,4,363,"RGB_light #0956"
58,41,4,366,"RGB_light #0957"
58,40,4,369,"RGB_light #0958"
59,40,4,372,"RGB_light #0959"
60,40,4,375,"RGB_light #0960"
61,40,4,378,"RGB_light #0961"
62,40,4,381,"RGB_light #0962"
63,40,4,384,"RGB_light #0963"
59,39,4,387,"RGB_light #0964"
58,39,4,390,"RGB_light #0965"
57,39,4,393,"RGB_light #0966"
71,40,4,396,"RGB_light #0967"
70,40,4,399,"RGB_light #0968"
69,40,4,402,"RGB_light #0969"
68,40,4,405,"RGB_light #0970"
67,40,4,408,"RGB_light #0971"
67,39,4,411,"RGB_light #0972"
68,39,4,414,"RGB_light #0973"
69,39,4,417,"RGB_light #0974"
70,39,4,420,"RGB_light #0975"
69,38,4,423,"RGB_light #0976"
68,38,4,426,"RGB_light #0977"
67,38,4,429,"RGB_light #0978"
68,37,4,432,"RGB_light #0979"
67,37,4,435,"RGB_light #0980"
66,37,4,438,"RGB_light #0981"
80,43,3,0,"RGB_light #0982"
50,43,7,399,"RGB_light #0983"
51,43,7,402,"RGB_light #0984"
52,43,7,405,"RGB_light #0985"
53,43,7,408,"RGB_light #0986"
50,44,7,411,"RGB_light #0987"
51,44,7,414,"RGB_light #0988"
52,44,7,417,"RGB_light #0989"
53,44,7,420,"RGB_light #0990"
42,49,7,0,"RGB_light #0991"
41,39,7,156,"RGB_light #0992"
41,40,7,159,"RGB_light #0993"
41,41,7,162,"RGB_light #0994"
41,42,7,165,"RGB_light #0995"
79,55,2,449,"RGB_light #0996"
